{"stats":{"minecraft:killed":{"minecraft:pillager":3},"minecraft:used":{"minecraft:mossy_cobblestone_stairs":5,"minecraft:ender_eye":1,"minecraft:diamond_sword":11,"minecraft:dirt":1,"quark:turf_slab":19,"minecraft:grass_block":6,"minecraft:stone_stairs":14,"quark:midori_block_slab":1,"minecraft:end_portal_frame":1,"minecraft:mossy_stone_brick_stairs":6,"quark:lime_shingles_slab":1},"minecraft:picked_up":{"minecraft:oxeye_daisy":1},"minecraft:custom":{"minecraft:open_barrel":2,"minecraft:time_since_rest":30,"minecraft:play_one_minute":11705,"minecraft:crouch_one_cm":136,"minecraft:deaths":5,"minecraft:sprint_one_cm":2007,"minecraft:damage_taken":330,"minecraft:walk_one_cm":24552,"minecraft:sneak_time":141,"minecraft:mob_kills":3,"minecraft:jump":68,"minecraft:damage_dealt":723,"minecraft:time_since_death":0,"minecraft:climb_one_cm":3538,"minecraft:fall_one_cm":3589,"minecraft:fly_one_cm":51047}},"DataVersion":2586}